entry,subsystem,component,part,type,metric
NT:/FMSInfo/.type,FMS,,,,
NT:/FMSInfo/GameSpecificMessage,FMS,,,,
NT:/FMSInfo/EventName,FMS,,,,
NT:/FMSInfo/MatchNumber,FMS,,,,
NT:/FMSInfo/ReplayNumber,FMS,,,,
NT:/FMSInfo/MatchType,FMS,,,,
NT:/FMSInfo/IsRedAlliance,FMS,,,,
NT:/FMSInfo/StationNumber,FMS,,,,
NT:/FMSInfo/FMSControlData,FMS,,,,
NT:/Preferences/auto/D,PREFERENCES,,,,
NT:/Preferences/auto/P,PREFERENCES,,,,
NT:/Preferences/auto/rotationP,PREFERENCES,,,,
NT:/Preferences/auto/rotationD,PREFERENCES,,,,
NT:/Preferences/intake/positionkP,PREFERENCES,,,,
NT:/Preferences/intake/positionkI,PREFERENCES,,,,
NT:/Preferences/intake/positionkD,PREFERENCES,,,,
NT:/Preferences/shooter/RPMkP,PREFERENCES,,,,
NT:/Preferences/shooter/RPMkI,PREFERENCES,,,,
NT:/Preferences/shooter/RPMkD,PREFERENCES,,,,
NT:/Preferences/shooter/RPMkF,PREFERENCES,,,,
NT:/Preferences/shooter/PositionkP,PREFERENCES,,,,
NT:/Preferences/shooter/PositionkI,PREFERENCES,,,,
NT:/Preferences/shooter/PositionkD,PREFERENCES,,,,
NT:/Preferences/climber/kP,PREFERENCES,,,,
NT:/Preferences/climber/kI,PREFERENCES,,,,
NT:/Preferences/climber/kD,PREFERENCES,,,,
NT:/Preferences/climber/power,PREFERENCES,,,,
NT:/Preferences/intake/intakePower,PREFERENCES,,,,
NT:/Preferences/intake/intakePosition,PREFERENCES,,,,
NT:/Preferences/intake/outtakePower,PREFERENCES,,,,
NT:/Preferences/umbrella/Power,PREFERENCES,,,,
NT:/Preferences/shooter/Power,PREFERENCES,,,,
NT:/Preferences/shooter/RPM,PREFERENCES,,,,
NT:/Preferences/shooter/Position,PREFERENCES,,,,
NT:/Preferences/shooter/IndexPower,PREFERENCES,,,,
NT:/Preferences/shooter/ShootingIndexPower,PREFERENCES,,,,
NT:/Preferences/shooter/OuttakePower,PREFERENCES,,,,
NT:/Preferences/shooter/shootingPosition,PREFERENCES,,,,
NT:/Preferences/shooter/OutdexPower,PREFERENCES,,,,
NT:/Preferences/shooter/preSpinDistanceM,PREFERENCES,,,,
NT:/Preferences/shooter/homeposition,PREFERENCES,,,,
NT:/Preferences/climber/UpPower,PREFERENCES,,,,
NT:/Preferences/climber/DownPower,PREFERENCES,,,,
NT:/Preferences/climber/UpPosition,PREFERENCES,,,,
NT:/Preferences/climber/DownPosition,PREFERENCES,,,,
NT:/Preferences/shooter/tuning_rpm,PREFERENCES,,,,
NT:/Preferences/shooter/tuning_Position,PREFERENCES,,,,
NT:/Preferences/shooter/wingShotAngle,PREFERENCES,,,,
NT:/Preferences/shooter/podiumShotAngle,PREFERENCES,,,,
NT:/Preferences/shooter/subShotAngle,PREFERENCES,,,,
NT:/Preferences/shooter/autoCenterRingAngle,PREFERENCES,,,,
NT:/Preferences/shooter/autoCenterRingRPM,PREFERENCES,,,,
NT:/Preferences/shooter/autoPodiumRingAngle,PREFERENCES,,,,
NT:/Preferences/shooter/autoPodiumRingRPM,PREFERENCES,,,,
NT:/Preferences/shooter/autoAmpRingAngle,PREFERENCES,,,,
NT:/Preferences/shooter/autoAmpRingRPM,PREFERENCES,,,,
NT:/Preferences/shooter/ampRingShotOnlyAngle,PREFERENCES,,,,
NT:/Preferences/shooter/ampRingShotOnlyRPM,PREFERENCES,,,,
NT:/Preferences/shooter/wingRPM,PREFERENCES,,,,
NT:/Preferences/shooter/podiumRPM,PREFERENCES,,,,
NT:/Preferences/shooter/subRPM,PREFERENCES,,,,
NT:/Preferences/shooter/highPower,PREFERENCES,,,,
NT:/Preferences/Direction Slew Rate,PREFERENCES,,,,
NT:/Preferences/Magnitude Slew Rate,PREFERENCES,,,,
NT:/Preferences/Rotational Slew Rate,PREFERENCES,,,,
NT:/Preferences/Autonomous Wait Command (Secs),PREFERENCES,,,,
NT:/Preferences/turnTest/kP,PREFERENCES,,,,
NT:/Preferences/turnTest/kD,PREFERENCES,,,,
NT:/Preferences/turnTest/tolerance,PREFERENCES,,,,
NT:/Preferences/shooter/closeAutoShotAngle,PREFERENCES,,,,
NT:/Preferences/shooter/closeAutoShotRPM,PREFERENCES,,,,
NT:/Preferences/shooter/outtakeFlywheelPower,PREFERENCES,,,,
NT:/Preferences/Third Shot Improved Angle,PREFERENCES,,,,
NT:/Preferences/Third Shot Improved RPM,PREFERENCES,,,,
NT:/Preferences/Fourth Shot Improved Angle,PREFERENCES,,,,
NT:/Preferences/Fourth Shot Improved RPM,PREFERENCES,,,,
NT:/Preferences/Run Intake Simple Position,PREFERENCES,,,,
NT:/Preferences/Run Intake Simple Power,PREFERENCES,,,,
NT:/Preferences/shooter/Continuous Shoot Position,PREFERENCES,,,,
NT:/Preferences/shooter/Continuous Shoot RPM,PREFERENCES,,,,
NT:/Preferences/shooter/Continuous Shoot Index Power,PREFERENCES,,,,
NT:/LiveWindow/.status/LW Enabled,PREFERENCES,,,,
NT:/Preferences/.type,PREFERENCES,,,,
NT:/SmartDashboard/Autonomous/.controllable,,,,,
NT:/SmartDashboard/Autonomous/.type,,,,,
NT:/SmartDashboard/Autonomous/.instance,,,,,
NT:/SmartDashboard/Autonomous/default,,,,,
NT:/SmartDashboard/Autonomous/options,,,,,
NT:/SmartDashboard/Autonomous/active,,,,,
NT:/SmartDashboard/Autonomous/.name,,,,,
/MonologueSetup,,,,,
/FMSInfo/.type,FMS,,,,
/FMSInfo/GameSpecificMessage,FMS,,,,
/FMSInfo/EventName,FMS,,,,
/FMSInfo/MatchNumber,FMS,,,,
/FMSInfo/ReplayNumber,FMS,,,,
/FMSInfo/MatchType,FMS,,,,
/FMSInfo/IsRedAlliance,FMS,,,,
/FMSInfo/StationNumber,FMS,,,,
/FMSInfo/FMSControlData,FMS,,,,
/Preferences/auto/D,PREFERENCES,,,,
/Preferences/auto/P,PREFERENCES,,,,
/Preferences/auto/rotationP,PREFERENCES,,,,
/Preferences/auto/rotationD,PREFERENCES,,,,
/Preferences/intake/positionkP,PREFERENCES,,,,
/Preferences/intake/positionkI,PREFERENCES,,,,
/Preferences/intake/positionkD,PREFERENCES,,,,
/Preferences/shooter/RPMkP,PREFERENCES,,,,
/Preferences/shooter/RPMkI,PREFERENCES,,,,
/Preferences/shooter/RPMkD,PREFERENCES,,,,
/Preferences/shooter/RPMkF,PREFERENCES,,,,
/Preferences/shooter/PositionkP,PREFERENCES,,,,
/Preferences/shooter/PositionkI,PREFERENCES,,,,
/Preferences/shooter/PositionkD,PREFERENCES,,,,
/Preferences/climber/kP,PREFERENCES,,,,
/Preferences/climber/kI,PREFERENCES,,,,
/Preferences/climber/kD,PREFERENCES,,,,
/Preferences/climber/power,PREFERENCES,,,,
/Preferences/intake/intakePower,PREFERENCES,,,,
/Preferences/intake/intakePosition,PREFERENCES,,,,
/Preferences/intake/outtakePower,PREFERENCES,,,,
/Preferences/umbrella/Power,PREFERENCES,,,,
/Preferences/shooter/Power,PREFERENCES,,,,
/Preferences/shooter/RPM,PREFERENCES,,,,
/Preferences/shooter/Position,PREFERENCES,,,,
/Preferences/shooter/IndexPower,PREFERENCES,,,,
/Preferences/shooter/ShootingIndexPower,PREFERENCES,,,,
/Preferences/shooter/OuttakePower,PREFERENCES,,,,
/Preferences/shooter/shootingPosition,PREFERENCES,,,,
/Preferences/shooter/OutdexPower,PREFERENCES,,,,
/Preferences/shooter/preSpinDistanceM,PREFERENCES,,,,
/Preferences/shooter/homeposition,PREFERENCES,,,,
/Preferences/climber/UpPower,PREFERENCES,,,,
/Preferences/climber/DownPower,PREFERENCES,,,,
/Preferences/climber/UpPosition,PREFERENCES,,,,
/Preferences/climber/DownPosition,PREFERENCES,,,,
/Preferences/shooter/tuning_rpm,PREFERENCES,,,,
/Preferences/shooter/tuning_Position,PREFERENCES,,,,
/Preferences/shooter/wingShotAngle,PREFERENCES,,,,
/Preferences/shooter/podiumShotAngle,PREFERENCES,,,,
/Preferences/shooter/subShotAngle,PREFERENCES,,,,
/Preferences/shooter/autoCenterRingAngle,PREFERENCES,,,,
/Preferences/shooter/autoCenterRingRPM,PREFERENCES,,,,
/Preferences/shooter/autoPodiumRingAngle,PREFERENCES,,,,
/Preferences/shooter/autoPodiumRingRPM,PREFERENCES,,,,
/Preferences/shooter/autoAmpRingAngle,PREFERENCES,,,,
/Preferences/shooter/autoAmpRingRPM,PREFERENCES,,,,
/Preferences/shooter/ampRingShotOnlyAngle,PREFERENCES,,,,
/Preferences/shooter/ampRingShotOnlyRPM,PREFERENCES,,,,
/Preferences/shooter/wingRPM,PREFERENCES,,,,
/Preferences/shooter/podiumRPM,PREFERENCES,,,,
/Preferences/shooter/subRPM,PREFERENCES,,,,
/Preferences/shooter/highPower,PREFERENCES,,,,
/Preferences/Direction Slew Rate,PREFERENCES,,,,
/Preferences/Magnitude Slew Rate,PREFERENCES,,,,
/Preferences/Rotational Slew Rate,PREFERENCES,,,,
/Preferences/Autonomous Wait Command (Secs),PREFERENCES,,,,
/Preferences/turnTest/kP,PREFERENCES,,,,
/Preferences/turnTest/kD,PREFERENCES,,,,
/Preferences/turnTest/tolerance,PREFERENCES,,,,
/Preferences/shooter/closeAutoShotAngle,PREFERENCES,,,,
/Preferences/shooter/closeAutoShotRPM,PREFERENCES,,,,
/Preferences/shooter/outtakeFlywheelPower,PREFERENCES,,,,
/Preferences/Third Shot Improved Angle,PREFERENCES,,,,
/Preferences/Third Shot Improved RPM,PREFERENCES,,,,
/Preferences/Fourth Shot Improved Angle,PREFERENCES,,,,
/Preferences/Fourth Shot Improved RPM,PREFERENCES,,,,
/Preferences/Run Intake Simple Position,PREFERENCES,,,,
/Preferences/Run Intake Simple Power,PREFERENCES,,,,
/Preferences/shooter/Continuous Shoot Position,PREFERENCES,,,,
/Preferences/shooter/Continuous Shoot RPM,PREFERENCES,,,,
/Preferences/shooter/Continuous Shoot Index Power,PREFERENCES,,,,
/LiveWindow/.status/LW Enabled,,,,,
/Preferences/.type,PREFERENCES,,,,
/SmartDashboard/Autonomous/.controllable,,,,,
/SmartDashboard/Autonomous/.type,,,,,
/SmartDashboard/Autonomous/.instance,,,,,
/SmartDashboard/Autonomous/default,,,,,
/SmartDashboard/Autonomous/options,,,,,
/SmartDashboard/Autonomous/active,,,,,
/SmartDashboard/Autonomous/.name,,,,,
/Robot/m_Scheduler/.controllable,,,,,
/Robot/m_Scheduler/.type,,,,,
DS:enabled,DS,,,,
DS:autonomous,DS,,,,
DS:test,DS,,,,
DS:estop,DS,,,,
DS:joystick0/buttons,DS,,,,
DS:joystick0/axes,DS,,,,
DS:joystick0/povs,DS,,,,
DS:joystick1/buttons,DS,,,,
DS:joystick1/axes,DS,,,,
DS:joystick1/povs,DS,,,,
DS:joystick2/buttons,DS,,,,
DS:joystick2/axes,DS,,,,
DS:joystick2/povs,DS,,,,
DS:joystick3/buttons,DS,,,,
DS:joystick3/axes,DS,,,,
DS:joystick3/povs,DS,,,,
DS:joystick4/buttons,DS,,,,
DS:joystick4/axes,DS,,,,
DS:joystick4/povs,DS,,,,
DS:joystick5/buttons,DS,,,,
DS:joystick5/axes,DS,,,,
DS:joystick5/povs,DS,,,,
MetaData,METADATA,,,,
/Robot/m_robotContainer/m_robotDrive/m_frontLeft/m_turnMotorCurrent,DRIVETRAIN,FRONT_LEFT,MOTOR,NEO_550,CURRENT
/Robot/m_robotContainer/m_robotDrive/m_frontLeft/m_turnMotorTemp,DRIVETRAIN,FRONT_LEFT,MOTOR,NEO_550,TEMP
/Robot/m_robotContainer/m_robotDrive/m_frontLeft/m_turnMotorVoltage,DRIVETRAIN,FRONT_LEFT,MOTOR,NEO_550,VOLTAGE
/Robot/m_robotContainer/m_robotDrive/m_frontLeft/m_driveMotorCurrent,DRIVETRAIN,FRONT_LEFT,MOTOR,NEO_VORTEX,CURRENT
/Robot/m_robotContainer/m_robotDrive/m_frontLeft/m_driveMotorTemp,DRIVETRAIN,FRONT_LEFT,MOTOR,NEO_VORTEX,TEMP
/Robot/m_robotContainer/m_robotDrive/m_frontLeft/m_driveMotorVoltage,DRIVETRAIN,FRONT_LEFT,MOTOR,NEO_VORTEX,VOLTAGE
/Robot/m_robotContainer/m_robotDrive/m_frontLeft/m_moduleSpeed,DRIVETRAIN,FRONT_LEFT,MODULE,,VELOCITY
/Robot/m_robotContainer/m_robotDrive/m_frontLeft/m_modulePosition,DRIVETRAIN,FRONT_LEFT,MODULE,,POSITION
/Robot/m_robotContainer/m_robotDrive/m_frontLeft/m_moduleDesiredSpeed,DRIVETRAIN,FRONT_LEFT,MODULE,,DESIRED_VELOCITY
/Robot/m_robotContainer/m_robotDrive/m_frontLeft/m_moduleDesiredPosition,DRIVETRAIN,FRONT_LEFT,MODULE,,DESIRED_POSITION
/Robot/m_robotContainer/m_robotDrive/m_frontRight/m_turnMotorCurrent,DRIVETRAIN,FRONT_RIGHT,MOTOR,NEO_550,CURRENT
/Robot/m_robotContainer/m_robotDrive/m_frontRight/m_turnMotorTemp,DRIVETRAIN,FRONT_RIGHT,MOTOR,NEO_550,TEMP
/Robot/m_robotContainer/m_robotDrive/m_frontRight/m_turnMotorVoltage,DRIVETRAIN,FRONT_RIGHT,MOTOR,NEO_550,VOLTAGE
/Robot/m_robotContainer/m_robotDrive/m_frontRight/m_driveMotorCurrent,DRIVETRAIN,FRONT_RIGHT,MOTOR,NEO_VORTEX,CURRENT
/Robot/m_robotContainer/m_robotDrive/m_frontRight/m_driveMotorTemp,DRIVETRAIN,FRONT_RIGHT,MOTOR,NEO_VORTEX,TEMP
/Robot/m_robotContainer/m_robotDrive/m_frontRight/m_driveMotorVoltage,DRIVETRAIN,FRONT_RIGHT,MOTOR,NEO_VORTEX,VOLTAGE
/Robot/m_robotContainer/m_robotDrive/m_frontRight/m_moduleSpeed,DRIVETRAIN,FRONT_RIGHT,MODULE,,VELOCITY
/Robot/m_robotContainer/m_robotDrive/m_frontRight/m_modulePosition,DRIVETRAIN,FRONT_RIGHT,MODULE,,POSITION
/Robot/m_robotContainer/m_robotDrive/m_frontRight/m_moduleDesiredSpeed,DRIVETRAIN,FRONT_RIGHT,MODULE,,TARGET_VELOCITY
/Robot/m_robotContainer/m_robotDrive/m_frontRight/m_moduleDesiredPosition,DRIVETRAIN,FRONT_RIGHT,MODULE,,TARGET_POSITION
/Robot/m_robotContainer/m_robotDrive/m_rearLeft/m_turnMotorCurrent,DRIVETRAIN,REAR_LEFT,MOTOR,NEO_550,CURRENT
/Robot/m_robotContainer/m_robotDrive/m_rearLeft/m_turnMotorTemp,DRIVETRAIN,REAR_LEFT,MOTOR,NEO_550,TEMP
/Robot/m_robotContainer/m_robotDrive/m_rearLeft/m_turnMotorVoltage,DRIVETRAIN,REAR_LEFT,MOTOR,NEO_550,VOLTAGE
/Robot/m_robotContainer/m_robotDrive/m_rearLeft/m_driveMotorCurrent,DRIVETRAIN,REAR_LEFT,MOTOR,NEO_VORTEX,CURRENT
/Robot/m_robotContainer/m_robotDrive/m_rearLeft/m_driveMotorTemp,DRIVETRAIN,REAR_LEFT,MOTOR,NEO_VORTEX,TEMP
/Robot/m_robotContainer/m_robotDrive/m_rearLeft/m_driveMotorVoltage,DRIVETRAIN,REAR_LEFT,MOTOR,NEO_VORTEX,VOLTAGE
/Robot/m_robotContainer/m_robotDrive/m_rearLeft/m_moduleSpeed,DRIVETRAIN,REAR_LEFT,,,VELOCITY
/Robot/m_robotContainer/m_robotDrive/m_rearLeft/m_modulePosition,DRIVETRAIN,REAR_LEFT,,,POSITION
/Robot/m_robotContainer/m_robotDrive/m_rearLeft/m_moduleDesiredSpeed,DRIVETRAIN,REAR_LEFT,,,TARGET_VELOCITY
/Robot/m_robotContainer/m_robotDrive/m_rearLeft/m_moduleDesiredPosition,DRIVETRAIN,REAR_LEFT,,,TARGET_POSITION
/Robot/m_robotContainer/m_robotDrive/m_rearRight/m_turnMotorCurrent,DRIVETRAIN,REAR_RIGHT,MOTOR,NEO_550,CURRENT
/Robot/m_robotContainer/m_robotDrive/m_rearRight/m_turnMotorTemp,DRIVETRAIN,REAR_RIGHT,MOTOR,NEO_550,TEMP
/Robot/m_robotContainer/m_robotDrive/m_rearRight/m_turnMotorVoltage,DRIVETRAIN,REAR_RIGHT,MOTOR,NEO_550,VOLTAGE
/Robot/m_robotContainer/m_robotDrive/m_rearRight/m_driveMotorCurrent,DRIVETRAIN,REAR_RIGHT,MOTOR,NEO_VORTEX,CURRENT
/Robot/m_robotContainer/m_robotDrive/m_rearRight/m_driveMotorTemp,DRIVETRAIN,REAR_RIGHT,MOTOR,NEO_VORTEX,TEMP
/Robot/m_robotContainer/m_robotDrive/m_rearRight/m_driveMotorVoltage,DRIVETRAIN,REAR_RIGHT,MOTOR,NEO_VORTEX,VOLTAGE
/Robot/m_robotContainer/m_robotDrive/m_rearRight/m_moduleSpeed,DRIVETRAIN,REAR_RIGHT,,,VELOCITY
/Robot/m_robotContainer/m_robotDrive/m_rearRight/m_modulePosition,DRIVETRAIN,REAR_RIGHT,,,POSITION
/Robot/m_robotContainer/m_robotDrive/m_rearRight/m_moduleDesiredSpeed,DRIVETRAIN,REAR_RIGHT,,,TARGET_VELOCITY
/Robot/m_robotContainer/m_robotDrive/m_rearRight/m_moduleDesiredPosition,DRIVETRAIN,REAR_RIGHT,,,TARGET_POSITION
/Robot/m_robotContainer/m_robotDrive/m_currentRotation,DRIVETRAIN,,,,
/Robot/m_robotContainer/m_robotDrive/m_currentTranslationDir,DRIVETRAIN,,,,
/Robot/m_robotContainer/m_robotDrive/m_currentTranslationMag,DRIVETRAIN,,,,
/Robot/m_robotContainer/m_robotDrive/targetposeX,DRIVETRAIN,,,,
/Robot/m_robotContainer/m_robotDrive/targetposeY,DRIVETRAIN,,,,
/Robot/m_robotContainer/m_robotDrive/targetrotation,DRIVETRAIN,,,,
/Robot/m_robotContainer/m_robotDrive/gyro_rotation,DRIVETRAIN,,,,
/Robot/m_robotContainer/m_robotIntake/intakecurrent,INTAKE,ROLLER,MOTOR,NEO,CURRENT
/Robot/m_robotContainer/m_robotIntake/intakevelocity,INTAKE,ROLLER,MOTOR,NEO,VELOCITY
/Robot/m_robotContainer/m_robotIntake/intaketemperature,INTAKE,ROLLER,MOTOR,NEO,TEMP
/Robot/m_robotContainer/m_robotIntake/postioncurrent,INTAKE,POSITION,MOTOR,NEO_550,CURRENT
/Robot/m_robotContainer/m_robotIntake/positionvelocity,INTAKE,POSITION,MOTOR,NEO_550,VELOCITY
/Robot/m_robotContainer/m_robotIntake/positiontemperature,INTAKE,POSITION,MOTOR,NEO_550,TEMP
/Robot/m_robotContainer/m_robotIntake/positionTarget,INTAKE,,,,TARGET_POSITION
/Robot/m_robotContainer/m_robotIntake/kP,INTAKE,,,,
/Robot/m_robotContainer/m_robotIntake/kD,INTAKE,,,,
/Robot/m_robotContainer/m_robotIntake/getPositionCF,INTAKE,,,,
/Robot/m_robotContainer/m_robotIntake/getIntakePosition,INTAKE,,,,POSITION
/Robot/m_robotContainer/m_shooter/temp,SHOOTER,ROLLER,MOTOR,NEO,TEMP
/Robot/m_robotContainer/m_shooter/current,SHOOTER,ROLLER,MOTOR,NEO,CURRENT
/Robot/m_robotContainer/m_shooter/velocity,SHOOTER,ROLLER,MOTOR,NEO,VELOCITY
/Robot/m_robotContainer/m_shooter/targetVelocity,SHOOTER,ROLLER,,,TARGET_VELOCITY
/Robot/m_robotContainer/m_shooter/tempIndex,SHOOTER,INDEXER,MOTOR,NEO,TEMP
/Robot/m_robotContainer/m_shooter/currentIndex,SHOOTER,INDEXER,MOTOR,NEO,CURRENT
/Robot/m_robotContainer/m_shooter/velocityIndex,SHOOTER,INDEXER,MOTOR,NEO,VELOCITY
/Robot/m_robotContainer/m_shooter/targetPosition,SHOOTER,ARM,,,TARGET_POSITION
/Robot/m_robotContainer/m_shooter/robotVelocity,SHOOTER,,,,
/Robot/m_robotContainer/m_shooter/armPosition,SHOOTER,ARM,MOTOR,FALCON,POSITION
/Robot/m_robotContainer/m_shooter/armVelocity,SHOOTER,ARM,MOTOR,FALCON,VELOCITY
/Robot/m_robotContainer/m_shooter/armCancoderPosition,SHOOTER,ARM,SENSOR,CANCODER,POSITION
/Robot/m_robotContainer/m_shooter/armCancoderVelocity,SHOOTER,ARM,SENSOR,CANCODER,VELOCITY
/Robot/m_robotContainer/m_shooter/armPower,SHOOTER,ARM,MOTOR,FALCON,POWER
/Robot/m_robotContainer/m_shooter/armVoltage,SHOOTER,ARM,MOTOR,FALCON,VOLTAGE
/Robot/m_robotContainer/m_shooter/armTemp,SHOOTER,ARM,MOTOR,FALCON,TEMP
/Robot/m_robotContainer/m_shooter/armCurrent,SHOOTER,ARM,MOTOR,FALCON,CURRENT
/Robot/m_robotContainer/m_shooter/Ready,SHOOTER,,,,
/Robot/m_robotContainer/m_shooter/getAngleDegrees,SHOOTER,ARM,,,
/Robot/m_robotContainer/m_shooter/atRPM,SHOOTER,ROLLER,,,
/Robot/m_robotContainer/m_shooter/getShootingVelocity,SHOOTER,ROLLER,,,
/Robot/m_robotContainer/m_shooter/getIndexerBeamBreak,SHOOTER,INDEXER,,,
/Robot/m_robotContainer/m_shooter/armAtSetpoint,SHOOTER,ARM,,,
/Robot/m_robotContainer/m_Climber/temp,CLIMBER,HOOKS,MOTOR,FALCON,TEMP
/Robot/m_robotContainer/m_Climber/current,CLIMBER,HOOKS,MOTOR,FALCON,CURRENT
/Robot/m_robotContainer/m_Climber/velocity,CLIMBER,HOOKS,MOTOR,FALCON,VELOCITY
/Robot/m_robotContainer/m_Climber/targetPosition,CLIMBER,HOOKS,,,TARGET_POSITION
/Robot/m_robotContainer/m_Climber/position,CLIMBER,HOOKS,MOTOR,FALCON,POSITION
/Robot/m_robotContainer/m_Climber/power,CLIMBER,HOOKS,MOTOR,FALCON,POWER
/Robot/m_robotContainer/m_Climber/atSetpoint,CLIMBER,HOOKS,,,
/Robot/m_Scheduler/Names,,,,,
/Robot/m_Scheduler/Ids,,,,,
/Robot/m_Scheduler/Cancel,,,,,
/photonvision/ledModeState,VISION,,,,
/photonvision/version,VISION,,,,
/photonvision/buildDate,VISION,,,,
/CameraPublisher/REAR_LEFT/source,VISION,,,,
/CameraPublisher/REAR_LEFT/description,VISION,,,,
/CameraPublisher/REAR_LEFT/connected,VISION,,,,
/CameraPublisher/REAR_LEFT/streams,VISION,,,,
/CameraPublisher/REAR_LEFT/mode,VISION,,,,
/CameraPublisher/REAR_LEFT/modes,VISION,,,,
/CameraPublisher/REAR_LEFT/RawProperty/raw_brightness,VISION,,,,
/CameraPublisher/REAR_LEFT/RawPropertyInfo/raw_brightness/min,VISION,,,,
/CameraPublisher/REAR_LEFT/RawPropertyInfo/raw_brightness/max,VISION,,,,
/CameraPublisher/REAR_LEFT/RawPropertyInfo/raw_brightness/step,VISION,,,,
/CameraPublisher/REAR_LEFT/RawPropertyInfo/raw_brightness/default,VISION,,,,
/CameraPublisher/REAR_LEFT/Property/brightness,VISION,,,,
/CameraPublisher/REAR_LEFT/PropertyInfo/brightness/min,VISION,,,,
/CameraPublisher/REAR_LEFT/PropertyInfo/brightness/max,VISION,,,,
/CameraPublisher/REAR_LEFT/PropertyInfo/brightness/step,VISION,,,,
/CameraPublisher/REAR_LEFT/PropertyInfo/brightness/default,VISION,,,,
/CameraPublisher/REAR_LEFT/RawProperty/raw_contrast,VISION,,,,
/CameraPublisher/REAR_LEFT/RawPropertyInfo/raw_contrast/min,VISION,,,,
/CameraPublisher/REAR_LEFT/RawPropertyInfo/raw_contrast/max,VISION,,,,
/CameraPublisher/REAR_LEFT/RawPropertyInfo/raw_contrast/step,VISION,,,,
/CameraPublisher/REAR_LEFT/RawPropertyInfo/raw_contrast/default,VISION,,,,
/CameraPublisher/REAR_LEFT/Property/contrast,VISION,,,,
/CameraPublisher/REAR_LEFT/PropertyInfo/contrast/min,VISION,,,,
/CameraPublisher/REAR_LEFT/PropertyInfo/contrast/max,VISION,,,,
/CameraPublisher/REAR_LEFT/PropertyInfo/contrast/step,VISION,,,,
/CameraPublisher/REAR_LEFT/PropertyInfo/contrast/default,VISION,,,,
/CameraPublisher/REAR_LEFT/RawProperty/raw_saturation,VISION,,,,
/CameraPublisher/REAR_LEFT/RawPropertyInfo/raw_saturation/min,VISION,,,,
/CameraPublisher/REAR_LEFT/RawPropertyInfo/raw_saturation/max,VISION,,,,
/CameraPublisher/REAR_LEFT/RawPropertyInfo/raw_saturation/step,VISION,,,,
/CameraPublisher/REAR_LEFT/RawPropertyInfo/raw_saturation/default,VISION,,,,
/CameraPublisher/REAR_LEFT/Property/saturation,VISION,,,,
/CameraPublisher/REAR_LEFT/PropertyInfo/saturation/min,VISION,,,,
/CameraPublisher/REAR_LEFT/PropertyInfo/saturation/max,VISION,,,,
/CameraPublisher/REAR_LEFT/PropertyInfo/saturation/step,VISION,,,,
/CameraPublisher/REAR_LEFT/PropertyInfo/saturation/default,VISION,,,,
/CameraPublisher/REAR_LEFT/RawProperty/raw_hue,VISION,,,,
/CameraPublisher/REAR_LEFT/RawPropertyInfo/raw_hue/min,VISION,,,,
/CameraPublisher/REAR_LEFT/RawPropertyInfo/raw_hue/max,VISION,,,,
/CameraPublisher/REAR_LEFT/RawPropertyInfo/raw_hue/step,VISION,,,,
/CameraPublisher/REAR_LEFT/RawPropertyInfo/raw_hue/default,VISION,,,,
/CameraPublisher/REAR_LEFT/Property/hue,VISION,,,,
/CameraPublisher/REAR_LEFT/PropertyInfo/hue/min,VISION,,,,
/CameraPublisher/REAR_LEFT/PropertyInfo/hue/max,VISION,,,,
/CameraPublisher/REAR_LEFT/PropertyInfo/hue/step,VISION,,,,
/CameraPublisher/REAR_LEFT/PropertyInfo/hue/default,VISION,,,,
/CameraPublisher/REAR_LEFT/Property/white_balance_automatic,VISION,,,,
/CameraPublisher/REAR_LEFT/Property/gamma,VISION,,,,
/CameraPublisher/REAR_LEFT/PropertyInfo/gamma/min,VISION,,,,
/CameraPublisher/REAR_LEFT/PropertyInfo/gamma/max,VISION,,,,
/CameraPublisher/REAR_LEFT/PropertyInfo/gamma/step,VISION,,,,
/CameraPublisher/REAR_LEFT/PropertyInfo/gamma/default,VISION,,,,
/CameraPublisher/REAR_LEFT/PropertyInfo/power_line_frequency/choices,VISION,,,,
/CameraPublisher/REAR_LEFT/Property/power_line_frequency,VISION,,,,
/CameraPublisher/REAR_LEFT/PropertyInfo/power_line_frequency/min,VISION,,,,
/CameraPublisher/REAR_LEFT/PropertyInfo/power_line_frequency/max,VISION,,,,
/CameraPublisher/REAR_LEFT/PropertyInfo/power_line_frequency/step,VISION,,,,
/CameraPublisher/REAR_LEFT/PropertyInfo/power_line_frequency/default,VISION,,,,
/CameraPublisher/REAR_LEFT/Property/white_balance_temperature,VISION,,,,
/CameraPublisher/REAR_LEFT/PropertyInfo/white_balance_temperature/min,VISION,,,,
/CameraPublisher/REAR_LEFT/PropertyInfo/white_balance_temperature/max,VISION,,,,
/CameraPublisher/REAR_LEFT/PropertyInfo/white_balance_temperature/step,VISION,,,,
/CameraPublisher/REAR_LEFT/PropertyInfo/white_balance_temperature/default,VISION,,,,
/CameraPublisher/REAR_LEFT/RawProperty/raw_sharpness,VISION,,,,
/CameraPublisher/REAR_LEFT/RawPropertyInfo/raw_sharpness/min,VISION,,,,
/CameraPublisher/REAR_LEFT/RawPropertyInfo/raw_sharpness/max,VISION,,,,
/CameraPublisher/REAR_LEFT/RawPropertyInfo/raw_sharpness/step,VISION,,,,
/CameraPublisher/REAR_LEFT/RawPropertyInfo/raw_sharpness/default,VISION,,,,
/CameraPublisher/REAR_LEFT/Property/sharpness,VISION,,,,
/CameraPublisher/REAR_LEFT/PropertyInfo/sharpness/min,VISION,,,,
/CameraPublisher/REAR_LEFT/PropertyInfo/sharpness/max,VISION,,,,
/CameraPublisher/REAR_LEFT/PropertyInfo/sharpness/step,VISION,,,,
/CameraPublisher/REAR_LEFT/PropertyInfo/sharpness/default,VISION,,,,
/CameraPublisher/REAR_LEFT/Property/backlight_compensation,VISION,,,,
/CameraPublisher/REAR_LEFT/PropertyInfo/backlight_compensation/min,VISION,,,,
/CameraPublisher/REAR_LEFT/PropertyInfo/backlight_compensation/max,VISION,,,,
/CameraPublisher/REAR_LEFT/PropertyInfo/backlight_compensation/step,VISION,,,,
/CameraPublisher/REAR_LEFT/PropertyInfo/backlight_compensation/default,VISION,,,,
/CameraPublisher/REAR_LEFT/PropertyInfo/auto_exposure/choices,VISION,,,,
/CameraPublisher/REAR_LEFT/Property/auto_exposure,VISION,,,,
/CameraPublisher/REAR_LEFT/PropertyInfo/auto_exposure/min,VISION,,,,
/CameraPublisher/REAR_LEFT/PropertyInfo/auto_exposure/max,VISION,,,,
/CameraPublisher/REAR_LEFT/PropertyInfo/auto_exposure/step,VISION,,,,
/CameraPublisher/REAR_LEFT/PropertyInfo/auto_exposure/default,VISION,,,,
/CameraPublisher/REAR_LEFT/RawProperty/raw_exposure_time_absolute,VISION,,,,
/CameraPublisher/REAR_LEFT/RawPropertyInfo/raw_exposure_time_absolute/min,VISION,,,,
/CameraPublisher/REAR_LEFT/RawPropertyInfo/raw_exposure_time_absolute/max,VISION,,,,
/CameraPublisher/REAR_LEFT/RawPropertyInfo/raw_exposure_time_absolute/step,VISION,,,,
/CameraPublisher/REAR_LEFT/RawPropertyInfo/raw_exposure_time_absolute/default,VISION,,,,
/CameraPublisher/REAR_LEFT/Property/exposure_time_absolute,VISION,,,,
/CameraPublisher/REAR_LEFT/PropertyInfo/exposure_time_absolute/min,VISION,,,,
/CameraPublisher/REAR_LEFT/PropertyInfo/exposure_time_absolute/max,VISION,,,,
/CameraPublisher/REAR_LEFT/PropertyInfo/exposure_time_absolute/step,VISION,,,,
/CameraPublisher/REAR_LEFT/PropertyInfo/exposure_time_absolute/default,VISION,,,,
/CameraPublisher/FRONT_RIGHT/source,VISION,,,,
/CameraPublisher/FRONT_RIGHT/description,VISION,,,,
/CameraPublisher/FRONT_RIGHT/connected,VISION,,,,
/CameraPublisher/FRONT_RIGHT/streams,VISION,,,,
/CameraPublisher/FRONT_RIGHT/mode,VISION,,,,
/CameraPublisher/FRONT_RIGHT/modes,VISION,,,,
/CameraPublisher/FRONT_RIGHT/RawProperty/raw_brightness,VISION,,,,
/CameraPublisher/FRONT_RIGHT/RawPropertyInfo/raw_brightness/min,VISION,,,,
/CameraPublisher/FRONT_RIGHT/RawPropertyInfo/raw_brightness/max,VISION,,,,
/CameraPublisher/FRONT_RIGHT/RawPropertyInfo/raw_brightness/step,VISION,,,,
/CameraPublisher/FRONT_RIGHT/RawPropertyInfo/raw_brightness/default,VISION,,,,
/CameraPublisher/FRONT_RIGHT/Property/brightness,VISION,,,,
/CameraPublisher/FRONT_RIGHT/PropertyInfo/brightness/min,VISION,,,,
/CameraPublisher/FRONT_RIGHT/PropertyInfo/brightness/max,VISION,,,,
/CameraPublisher/FRONT_RIGHT/PropertyInfo/brightness/step,VISION,,,,
/CameraPublisher/FRONT_RIGHT/PropertyInfo/brightness/default,VISION,,,,
/CameraPublisher/FRONT_RIGHT/RawProperty/raw_contrast,VISION,,,,
/CameraPublisher/FRONT_RIGHT/RawPropertyInfo/raw_contrast/min,VISION,,,,
/CameraPublisher/FRONT_RIGHT/RawPropertyInfo/raw_contrast/max,VISION,,,,
/CameraPublisher/FRONT_RIGHT/RawPropertyInfo/raw_contrast/step,VISION,,,,
/CameraPublisher/FRONT_RIGHT/RawPropertyInfo/raw_contrast/default,VISION,,,,
/CameraPublisher/FRONT_RIGHT/Property/contrast,VISION,,,,
/CameraPublisher/FRONT_RIGHT/PropertyInfo/contrast/min,VISION,,,,
/CameraPublisher/FRONT_RIGHT/PropertyInfo/contrast/max,VISION,,,,
/CameraPublisher/FRONT_RIGHT/PropertyInfo/contrast/step,VISION,,,,
/CameraPublisher/FRONT_RIGHT/PropertyInfo/contrast/default,VISION,,,,
/CameraPublisher/FRONT_RIGHT/RawProperty/raw_saturation,VISION,,,,
/CameraPublisher/FRONT_RIGHT/RawPropertyInfo/raw_saturation/min,VISION,,,,
/CameraPublisher/FRONT_RIGHT/RawPropertyInfo/raw_saturation/max,VISION,,,,
/CameraPublisher/FRONT_RIGHT/RawPropertyInfo/raw_saturation/step,VISION,,,,
/CameraPublisher/FRONT_RIGHT/RawPropertyInfo/raw_saturation/default,VISION,,,,
/CameraPublisher/FRONT_RIGHT/Property/saturation,VISION,,,,
/CameraPublisher/FRONT_RIGHT/PropertyInfo/saturation/min,VISION,,,,
/CameraPublisher/FRONT_RIGHT/PropertyInfo/saturation/max,VISION,,,,
/CameraPublisher/FRONT_RIGHT/PropertyInfo/saturation/step,VISION,,,,
/CameraPublisher/FRONT_RIGHT/PropertyInfo/saturation/default,VISION,,,,
/CameraPublisher/FRONT_RIGHT/RawProperty/raw_hue,VISION,,,,
/CameraPublisher/FRONT_RIGHT/RawPropertyInfo/raw_hue/min,VISION,,,,
/CameraPublisher/FRONT_RIGHT/RawPropertyInfo/raw_hue/max,VISION,,,,
/CameraPublisher/FRONT_RIGHT/RawPropertyInfo/raw_hue/step,VISION,,,,
/CameraPublisher/FRONT_RIGHT/RawPropertyInfo/raw_hue/default,VISION,,,,
/CameraPublisher/FRONT_RIGHT/Property/hue,VISION,,,,
/CameraPublisher/FRONT_RIGHT/PropertyInfo/hue/min,VISION,,,,
/CameraPublisher/FRONT_RIGHT/PropertyInfo/hue/max,VISION,,,,
/CameraPublisher/FRONT_RIGHT/PropertyInfo/hue/step,VISION,,,,
/CameraPublisher/FRONT_RIGHT/PropertyInfo/hue/default,VISION,,,,
/CameraPublisher/FRONT_RIGHT/Property/white_balance_automatic,VISION,,,,
/CameraPublisher/FRONT_RIGHT/Property/gamma,VISION,,,,
/CameraPublisher/FRONT_RIGHT/PropertyInfo/gamma/min,VISION,,,,
/CameraPublisher/FRONT_RIGHT/PropertyInfo/gamma/max,VISION,,,,
/CameraPublisher/FRONT_RIGHT/PropertyInfo/gamma/step,VISION,,,,
/CameraPublisher/FRONT_RIGHT/PropertyInfo/gamma/default,VISION,,,,
/CameraPublisher/FRONT_RIGHT/PropertyInfo/power_line_frequency/choices,VISION,,,,
/CameraPublisher/FRONT_RIGHT/Property/power_line_frequency,VISION,,,,
/CameraPublisher/FRONT_RIGHT/PropertyInfo/power_line_frequency/min,VISION,,,,
/CameraPublisher/FRONT_RIGHT/PropertyInfo/power_line_frequency/max,VISION,,,,
/CameraPublisher/FRONT_RIGHT/PropertyInfo/power_line_frequency/step,VISION,,,,
/CameraPublisher/FRONT_RIGHT/PropertyInfo/power_line_frequency/default,VISION,,,,
/CameraPublisher/FRONT_RIGHT/Property/white_balance_temperature,VISION,,,,
/CameraPublisher/FRONT_RIGHT/PropertyInfo/white_balance_temperature/min,VISION,,,,
/CameraPublisher/FRONT_RIGHT/PropertyInfo/white_balance_temperature/max,VISION,,,,
/CameraPublisher/FRONT_RIGHT/PropertyInfo/white_balance_temperature/step,VISION,,,,
/CameraPublisher/FRONT_RIGHT/PropertyInfo/white_balance_temperature/default,VISION,,,,
/CameraPublisher/FRONT_RIGHT/RawProperty/raw_sharpness,VISION,,,,
/CameraPublisher/FRONT_RIGHT/RawPropertyInfo/raw_sharpness/min,VISION,,,,
/CameraPublisher/FRONT_RIGHT/RawPropertyInfo/raw_sharpness/max,VISION,,,,
/CameraPublisher/FRONT_RIGHT/RawPropertyInfo/raw_sharpness/step,VISION,,,,
/CameraPublisher/FRONT_RIGHT/RawPropertyInfo/raw_sharpness/default,VISION,,,,
/CameraPublisher/FRONT_RIGHT/Property/sharpness,VISION,,,,
/CameraPublisher/FRONT_RIGHT/PropertyInfo/sharpness/min,VISION,,,,
/CameraPublisher/FRONT_RIGHT/PropertyInfo/sharpness/max,VISION,,,,
/CameraPublisher/FRONT_RIGHT/PropertyInfo/sharpness/step,VISION,,,,
/CameraPublisher/FRONT_RIGHT/PropertyInfo/sharpness/default,VISION,,,,
/CameraPublisher/FRONT_RIGHT/Property/backlight_compensation,VISION,,,,
/CameraPublisher/FRONT_RIGHT/PropertyInfo/backlight_compensation/min,VISION,,,,
/CameraPublisher/FRONT_RIGHT/PropertyInfo/backlight_compensation/max,VISION,,,,
/CameraPublisher/FRONT_RIGHT/PropertyInfo/backlight_compensation/step,VISION,,,,
/CameraPublisher/FRONT_RIGHT/PropertyInfo/backlight_compensation/default,VISION,,,,
/CameraPublisher/FRONT_RIGHT/PropertyInfo/auto_exposure/choices,VISION,,,,
/CameraPublisher/FRONT_RIGHT/Property/auto_exposure,VISION,,,,
/CameraPublisher/FRONT_RIGHT/PropertyInfo/auto_exposure/min,VISION,,,,
/CameraPublisher/FRONT_RIGHT/PropertyInfo/auto_exposure/max,VISION,,,,
/CameraPublisher/FRONT_RIGHT/PropertyInfo/auto_exposure/step,VISION,,,,
/CameraPublisher/FRONT_RIGHT/PropertyInfo/auto_exposure/default,VISION,,,,
/CameraPublisher/FRONT_RIGHT/RawProperty/raw_exposure_time_absolute,VISION,,,,
/CameraPublisher/FRONT_RIGHT/RawPropertyInfo/raw_exposure_time_absolute/min,VISION,,,,
/CameraPublisher/FRONT_RIGHT/RawPropertyInfo/raw_exposure_time_absolute/max,VISION,,,,
/CameraPublisher/FRONT_RIGHT/RawPropertyInfo/raw_exposure_time_absolute/step,VISION,,,,
/CameraPublisher/FRONT_RIGHT/RawPropertyInfo/raw_exposure_time_absolute/default,VISION,,,,
/CameraPublisher/FRONT_RIGHT/Property/exposure_time_absolute,VISION,,,,
/CameraPublisher/FRONT_RIGHT/PropertyInfo/exposure_time_absolute/min,VISION,,,,
/CameraPublisher/FRONT_RIGHT/PropertyInfo/exposure_time_absolute/max,VISION,,,,
/CameraPublisher/FRONT_RIGHT/PropertyInfo/exposure_time_absolute/step,VISION,,,,
/CameraPublisher/FRONT_RIGHT/PropertyInfo/exposure_time_absolute/default,VISION,,,,
/CameraPublisher/FRONT_LEFT/source,VISION,,,,
/CameraPublisher/FRONT_LEFT/description,VISION,,,,
/CameraPublisher/FRONT_LEFT/connected,VISION,,,,
/CameraPublisher/FRONT_LEFT/streams,VISION,,,,
/CameraPublisher/FRONT_LEFT/mode,VISION,,,,
/CameraPublisher/FRONT_LEFT/modes,VISION,,,,
/CameraPublisher/FRONT_LEFT/RawProperty/raw_brightness,VISION,,,,
/CameraPublisher/FRONT_LEFT/RawPropertyInfo/raw_brightness/min,VISION,,,,
/CameraPublisher/FRONT_LEFT/RawPropertyInfo/raw_brightness/max,VISION,,,,
/CameraPublisher/FRONT_LEFT/RawPropertyInfo/raw_brightness/step,VISION,,,,
/CameraPublisher/FRONT_LEFT/RawPropertyInfo/raw_brightness/default,VISION,,,,
/CameraPublisher/FRONT_LEFT/Property/brightness,VISION,,,,
/CameraPublisher/FRONT_LEFT/PropertyInfo/brightness/min,VISION,,,,
/CameraPublisher/FRONT_LEFT/PropertyInfo/brightness/max,VISION,,,,
/CameraPublisher/FRONT_LEFT/PropertyInfo/brightness/step,VISION,,,,
/CameraPublisher/FRONT_LEFT/PropertyInfo/brightness/default,VISION,,,,
/CameraPublisher/FRONT_LEFT/RawProperty/raw_contrast,VISION,,,,
/CameraPublisher/FRONT_LEFT/RawPropertyInfo/raw_contrast/min,VISION,,,,
/CameraPublisher/FRONT_LEFT/RawPropertyInfo/raw_contrast/max,VISION,,,,
/CameraPublisher/FRONT_LEFT/RawPropertyInfo/raw_contrast/step,VISION,,,,
/CameraPublisher/FRONT_LEFT/RawPropertyInfo/raw_contrast/default,VISION,,,,
/CameraPublisher/FRONT_LEFT/Property/contrast,VISION,,,,
/CameraPublisher/FRONT_LEFT/PropertyInfo/contrast/min,VISION,,,,
/CameraPublisher/FRONT_LEFT/PropertyInfo/contrast/max,VISION,,,,
/CameraPublisher/FRONT_LEFT/PropertyInfo/contrast/step,VISION,,,,
/CameraPublisher/FRONT_LEFT/PropertyInfo/contrast/default,VISION,,,,
/CameraPublisher/FRONT_LEFT/RawProperty/raw_saturation,VISION,,,,
/CameraPublisher/FRONT_LEFT/RawPropertyInfo/raw_saturation/min,VISION,,,,
/CameraPublisher/FRONT_LEFT/RawPropertyInfo/raw_saturation/max,VISION,,,,
/CameraPublisher/FRONT_LEFT/RawPropertyInfo/raw_saturation/step,VISION,,,,
/CameraPublisher/FRONT_LEFT/RawPropertyInfo/raw_saturation/default,VISION,,,,
/CameraPublisher/FRONT_LEFT/Property/saturation,VISION,,,,
/CameraPublisher/FRONT_LEFT/PropertyInfo/saturation/min,VISION,,,,
/CameraPublisher/FRONT_LEFT/PropertyInfo/saturation/max,VISION,,,,
/CameraPublisher/FRONT_LEFT/PropertyInfo/saturation/step,VISION,,,,
/CameraPublisher/FRONT_LEFT/PropertyInfo/saturation/default,VISION,,,,
/CameraPublisher/FRONT_LEFT/RawProperty/raw_hue,VISION,,,,
/CameraPublisher/FRONT_LEFT/RawPropertyInfo/raw_hue/min,VISION,,,,
/CameraPublisher/FRONT_LEFT/RawPropertyInfo/raw_hue/max,VISION,,,,
/CameraPublisher/FRONT_LEFT/RawPropertyInfo/raw_hue/step,VISION,,,,
/CameraPublisher/FRONT_LEFT/RawPropertyInfo/raw_hue/default,VISION,,,,
/CameraPublisher/FRONT_LEFT/Property/hue,VISION,,,,
/CameraPublisher/FRONT_LEFT/PropertyInfo/hue/min,VISION,,,,
/CameraPublisher/FRONT_LEFT/PropertyInfo/hue/max,VISION,,,,
/CameraPublisher/FRONT_LEFT/PropertyInfo/hue/step,VISION,,,,
/CameraPublisher/FRONT_LEFT/PropertyInfo/hue/default,VISION,,,,
/CameraPublisher/FRONT_LEFT/Property/white_balance_automatic,VISION,,,,
/CameraPublisher/FRONT_LEFT/Property/gamma,VISION,,,,
/CameraPublisher/FRONT_LEFT/PropertyInfo/gamma/min,VISION,,,,
/CameraPublisher/FRONT_LEFT/PropertyInfo/gamma/max,VISION,,,,
/CameraPublisher/FRONT_LEFT/PropertyInfo/gamma/step,VISION,,,,
/CameraPublisher/FRONT_LEFT/PropertyInfo/gamma/default,VISION,,,,
/CameraPublisher/FRONT_LEFT/PropertyInfo/power_line_frequency/choices,VISION,,,,
/CameraPublisher/FRONT_LEFT/Property/power_line_frequency,VISION,,,,
/CameraPublisher/FRONT_LEFT/PropertyInfo/power_line_frequency/min,VISION,,,,
/CameraPublisher/FRONT_LEFT/PropertyInfo/power_line_frequency/max,VISION,,,,
/CameraPublisher/FRONT_LEFT/PropertyInfo/power_line_frequency/step,VISION,,,,
/CameraPublisher/FRONT_LEFT/PropertyInfo/power_line_frequency/default,VISION,,,,
/CameraPublisher/FRONT_LEFT/Property/white_balance_temperature,VISION,,,,
/CameraPublisher/FRONT_LEFT/PropertyInfo/white_balance_temperature/min,VISION,,,,
/CameraPublisher/FRONT_LEFT/PropertyInfo/white_balance_temperature/max,VISION,,,,
/CameraPublisher/FRONT_LEFT/PropertyInfo/white_balance_temperature/step,VISION,,,,
/CameraPublisher/FRONT_LEFT/PropertyInfo/white_balance_temperature/default,VISION,,,,
/CameraPublisher/FRONT_LEFT/RawProperty/raw_sharpness,VISION,,,,
/CameraPublisher/FRONT_LEFT/RawPropertyInfo/raw_sharpness/min,VISION,,,,
/CameraPublisher/FRONT_LEFT/RawPropertyInfo/raw_sharpness/max,VISION,,,,
/CameraPublisher/FRONT_LEFT/RawPropertyInfo/raw_sharpness/step,VISION,,,,
/CameraPublisher/FRONT_LEFT/RawPropertyInfo/raw_sharpness/default,VISION,,,,
/CameraPublisher/FRONT_LEFT/Property/sharpness,VISION,,,,
/CameraPublisher/FRONT_LEFT/PropertyInfo/sharpness/min,VISION,,,,
/CameraPublisher/FRONT_LEFT/PropertyInfo/sharpness/max,VISION,,,,
/CameraPublisher/FRONT_LEFT/PropertyInfo/sharpness/step,VISION,,,,
/CameraPublisher/FRONT_LEFT/PropertyInfo/sharpness/default,VISION,,,,
/CameraPublisher/FRONT_LEFT/Property/backlight_compensation,VISION,,,,
/CameraPublisher/FRONT_LEFT/PropertyInfo/backlight_compensation/min,VISION,,,,
/CameraPublisher/FRONT_LEFT/PropertyInfo/backlight_compensation/max,VISION,,,,
/CameraPublisher/FRONT_LEFT/PropertyInfo/backlight_compensation/step,VISION,,,,
/CameraPublisher/FRONT_LEFT/PropertyInfo/backlight_compensation/default,VISION,,,,
/CameraPublisher/FRONT_LEFT/PropertyInfo/auto_exposure/choices,VISION,,,,
/CameraPublisher/FRONT_LEFT/Property/auto_exposure,VISION,,,,
/CameraPublisher/FRONT_LEFT/PropertyInfo/auto_exposure/min,VISION,,,,
/CameraPublisher/FRONT_LEFT/PropertyInfo/auto_exposure/max,VISION,,,,
/CameraPublisher/FRONT_LEFT/PropertyInfo/auto_exposure/step,VISION,,,,
/CameraPublisher/FRONT_LEFT/PropertyInfo/auto_exposure/default,VISION,,,,
/CameraPublisher/FRONT_LEFT/RawProperty/raw_exposure_time_absolute,VISION,,,,
/CameraPublisher/FRONT_LEFT/RawPropertyInfo/raw_exposure_time_absolute/min,VISION,,,,
/CameraPublisher/FRONT_LEFT/RawPropertyInfo/raw_exposure_time_absolute/max,VISION,,,,
/CameraPublisher/FRONT_LEFT/RawPropertyInfo/raw_exposure_time_absolute/step,VISION,,,,
/CameraPublisher/FRONT_LEFT/RawPropertyInfo/raw_exposure_time_absolute/default,VISION,,,,
/CameraPublisher/FRONT_LEFT/Property/exposure_time_absolute,VISION,,,,
/CameraPublisher/FRONT_LEFT/PropertyInfo/exposure_time_absolute/min,VISION,,,,
/CameraPublisher/FRONT_LEFT/PropertyInfo/exposure_time_absolute/max,VISION,,,,
/CameraPublisher/FRONT_LEFT/PropertyInfo/exposure_time_absolute/step,VISION,,,,
/CameraPublisher/FRONT_LEFT/PropertyInfo/exposure_time_absolute/default,VISION,,,,
/photonvision/REAR_RIGHT/inputSaveImgCmd,VISION,,,,
/photonvision/REAR_RIGHT/outputSaveImgCmd,VISION,,,,
/CameraPublisher/photonvision_Port_1185_Input_MJPEG_Server/source,VISION,,,,
/CameraPublisher/photonvision_Port_1185_Input_MJPEG_Server/description,VISION,,,,
/CameraPublisher/photonvision_Port_1185_Input_MJPEG_Server/connected,VISION,,,,
/CameraPublisher/photonvision_Port_1185_Input_MJPEG_Server/streams,VISION,,,,
/CameraPublisher/photonvision_Port_1185_Input_MJPEG_Server/mode,VISION,,,,
/CameraPublisher/photonvision_Port_1185_Input_MJPEG_Server/modes,VISION,,,,
/CameraPublisher/photonvision_Port_1186_Output_MJPEG_Server/source,VISION,,,,
/CameraPublisher/photonvision_Port_1186_Output_MJPEG_Server/description,VISION,,,,
/CameraPublisher/photonvision_Port_1186_Output_MJPEG_Server/connected,VISION,,,,
/CameraPublisher/photonvision_Port_1186_Output_MJPEG_Server/streams,VISION,,,,
/CameraPublisher/photonvision_Port_1186_Output_MJPEG_Server/mode,VISION,,,,
/CameraPublisher/photonvision_Port_1186_Output_MJPEG_Server/modes,VISION,,,,
/photonvision/REAR_RIGHT/pipelineIndexState,VISION,,,,
/photonvision/REAR_RIGHT/driverMode,VISION,,,,
/photonvision/REAR_RIGHT/driverModeRequest,VISION,,,,
/photonvision/REAR_RIGHT/latencyMillis,VISION,,,,
/photonvision/REAR_RIGHT/hasTarget,VISION,,,,
/photonvision/REAR_RIGHT/targetPitch,VISION,,,,
/photonvision/REAR_RIGHT/targetArea,VISION,,,,
/photonvision/REAR_RIGHT/targetYaw,VISION,,,,
/photonvision/REAR_RIGHT/targetPose,VISION,,,,
/photonvision/REAR_RIGHT/targetSkew,VISION,,,,
/photonvision/REAR_RIGHT/targetPixelsX,VISION,,,,
/photonvision/REAR_RIGHT/targetPixelsY,VISION,,,,
/photonvision/REAR_RIGHT/heartbeat,VISION,,,,
/photonvision/REAR_RIGHT/cameraIntrinsics,VISION,,,,
/photonvision/REAR_RIGHT/cameraDistortion,VISION,,,,
/photonvision/REAR_LEFT/inputSaveImgCmd,VISION,,,,
/photonvision/REAR_LEFT/outputSaveImgCmd,VISION,,,,
/photonvision/REAR_LEFT/pipelineIndexState,VISION,,,,
/photonvision/REAR_LEFT/driverMode,VISION,,,,
/photonvision/REAR_LEFT/driverModeRequest,VISION,,,,
/photonvision/REAR_LEFT/latencyMillis,VISION,,,,
/photonvision/REAR_LEFT/hasTarget,VISION,,,,
/photonvision/REAR_LEFT/targetPitch,VISION,,,,
/photonvision/REAR_LEFT/targetArea,VISION,,,,
/photonvision/REAR_LEFT/targetYaw,VISION,,,,
/photonvision/REAR_LEFT/targetPose,VISION,,,,
/photonvision/REAR_LEFT/targetSkew,VISION,,,,
/photonvision/REAR_LEFT/targetPixelsX,VISION,,,,
/photonvision/REAR_LEFT/targetPixelsY,VISION,,,,
/photonvision/REAR_LEFT/heartbeat,VISION,,,,
/photonvision/REAR_LEFT/cameraIntrinsics,VISION,,,,
/photonvision/REAR_LEFT/cameraDistortion,VISION,,,,
/CameraPublisher/photonvision_Port_1183_Input_MJPEG_Server/source,VISION,,,,
/CameraPublisher/photonvision_Port_1183_Input_MJPEG_Server/description,VISION,,,,
/CameraPublisher/photonvision_Port_1183_Input_MJPEG_Server/connected,VISION,,,,
/CameraPublisher/photonvision_Port_1183_Input_MJPEG_Server/streams,VISION,,,,
/CameraPublisher/photonvision_Port_1183_Input_MJPEG_Server/mode,VISION,,,,
/CameraPublisher/photonvision_Port_1183_Input_MJPEG_Server/modes,VISION,,,,
/CameraPublisher/photonvision_Port_1184_Output_MJPEG_Server/source,VISION,,,,
/CameraPublisher/photonvision_Port_1184_Output_MJPEG_Server/streams,VISION,,,,
/CameraPublisher/photonvision_Port_1184_Output_MJPEG_Server/connected,VISION,,,,
/CameraPublisher/photonvision_Port_1184_Output_MJPEG_Server/mode,VISION,,,,
/CameraPublisher/photonvision_Port_1184_Output_MJPEG_Server/modes,VISION,,,,
/CameraPublisher/photonvision_Port_1184_Output_MJPEG_Server/description,VISION,,,,
/photonvision/FRONT_RIGHT/inputSaveImgCmd,VISION,,,,
/photonvision/FRONT_RIGHT/outputSaveImgCmd,VISION,,,,
/CameraPublisher/photonvision_Port_1187_Input_MJPEG_Server/source,VISION,,,,
/CameraPublisher/photonvision_Port_1187_Input_MJPEG_Server/description,VISION,,,,
/CameraPublisher/photonvision_Port_1187_Input_MJPEG_Server/connected,VISION,,,,
/CameraPublisher/photonvision_Port_1187_Input_MJPEG_Server/streams,VISION,,,,
/CameraPublisher/photonvision_Port_1187_Input_MJPEG_Server/mode,VISION,,,,
/CameraPublisher/photonvision_Port_1187_Input_MJPEG_Server/modes,VISION,,,,
/photonvision/FRONT_RIGHT/pipelineIndexState,VISION,,,,
/photonvision/FRONT_RIGHT/driverMode,VISION,,,,
/photonvision/FRONT_RIGHT/driverModeRequest,VISION,,,,
/photonvision/FRONT_RIGHT/latencyMillis,VISION,,,,
/photonvision/FRONT_RIGHT/hasTarget,VISION,,,,
/photonvision/FRONT_RIGHT/targetPitch,VISION,,,,
/photonvision/FRONT_RIGHT/targetArea,VISION,,,,
/photonvision/FRONT_RIGHT/targetYaw,VISION,,,,
/photonvision/FRONT_RIGHT/targetPose,VISION,,,,
/photonvision/FRONT_RIGHT/targetSkew,VISION,,,,
/photonvision/FRONT_RIGHT/targetPixelsX,VISION,,,,
/photonvision/FRONT_RIGHT/targetPixelsY,VISION,,,,
/photonvision/FRONT_RIGHT/heartbeat,VISION,,,,
/photonvision/FRONT_RIGHT/cameraIntrinsics,VISION,,,,
/photonvision/FRONT_RIGHT/cameraDistortion,VISION,,,,
/CameraPublisher/photonvision_Port_1188_Output_MJPEG_Server/source,VISION,,,,
/CameraPublisher/photonvision_Port_1188_Output_MJPEG_Server/description,VISION,,,,
/CameraPublisher/photonvision_Port_1188_Output_MJPEG_Server/connected,VISION,,,,
/CameraPublisher/photonvision_Port_1188_Output_MJPEG_Server/streams,VISION,,,,
/CameraPublisher/photonvision_Port_1188_Output_MJPEG_Server/mode,VISION,,,,
/CameraPublisher/photonvision_Port_1188_Output_MJPEG_Server/modes,VISION,,,,
/photonvision/FRONT_LEFT/inputSaveImgCmd,VISION,,,,
/photonvision/FRONT_LEFT/outputSaveImgCmd,VISION,,,,
/CameraPublisher/photonvision_Port_1189_Input_MJPEG_Server/source,VISION,,,,
/CameraPublisher/photonvision_Port_1189_Input_MJPEG_Server/description,VISION,,,,
/CameraPublisher/photonvision_Port_1189_Input_MJPEG_Server/connected,VISION,,,,
/CameraPublisher/photonvision_Port_1189_Input_MJPEG_Server/streams,VISION,,,,
/CameraPublisher/photonvision_Port_1189_Input_MJPEG_Server/mode,VISION,,,,
/CameraPublisher/photonvision_Port_1189_Input_MJPEG_Server/modes,VISION,,,,
/photonvision/FRONT_LEFT/pipelineIndexState,VISION,,,,
/photonvision/FRONT_LEFT/driverMode,VISION,,,,
/photonvision/FRONT_LEFT/driverModeRequest,VISION,,,,
/photonvision/FRONT_LEFT/latencyMillis,VISION,,,,
/photonvision/FRONT_LEFT/hasTarget,VISION,,,,
/photonvision/FRONT_LEFT/targetPitch,VISION,,,,
/photonvision/FRONT_LEFT/targetArea,VISION,,,,
/photonvision/FRONT_LEFT/targetYaw,VISION,,,,
/photonvision/FRONT_LEFT/targetPose,VISION,,,,
/photonvision/FRONT_LEFT/targetSkew,VISION,,,,
/photonvision/FRONT_LEFT/targetPixelsX,VISION,,,,
/photonvision/FRONT_LEFT/targetPixelsY,VISION,,,,
/photonvision/FRONT_LEFT/heartbeat,VISION,,,,
/photonvision/FRONT_LEFT/cameraIntrinsics,VISION,,,,
/photonvision/FRONT_LEFT/cameraDistortion,VISION,,,,
/CameraPublisher/photonvision_Port_1190_Output_MJPEG_Server/source,VISION,,,,
/CameraPublisher/photonvision_Port_1190_Output_MJPEG_Server/description,VISION,,,,
/CameraPublisher/photonvision_Port_1190_Output_MJPEG_Server/connected,VISION,,,,
/CameraPublisher/photonvision_Port_1190_Output_MJPEG_Server/streams,VISION,,,,
/CameraPublisher/photonvision_Port_1190_Output_MJPEG_Server/mode,VISION,,,,
/CameraPublisher/photonvision_Port_1190_Output_MJPEG_Server/modes,VISION,,,,
/SmartDashboard/Autonomous/selected,,,,,
/PathPlanner/activePath,,,,,
/PathPlanner/currentPose,,,,,
/PathPlanner/targetPose,,,,,
/PathPlanner/vel,,,,,
/PathPlanner/inaccuracy,,,,,
/SmartDashboard/aim/calculatedDistance,,,,,
/SmartDashboard/aim/calculatedYaw,,,,,
/SmartDashboard/x stick speed,,,,,
/SmartDashboard/y stick speed,,,,,
/SmartDashboard/rot stick,,,,,
/SmartDashboard/aim/targetid,,,,,
/SmartDashboard/aim/yawtotarget,,,,,
/SmartDashboard/aim/autoRotnput,,,,,